{"cameraMode":{"drawMode":0,"name":"Shaded","section":"Shading Mode"},"sceneLighting":false,"audioPlay":false,"sceneViewState":{"showFog":true,"showMaterialUpdate":false,"showSkybox":false,"showFlares":true,"showImageEffects":true,"showParticleSystems":true},"in2DMode":false,"pivot":{"x":0.7532432079315186,"y":0.07800000160932541,"z":0.2704315185546875},"rotation":{"x":0.08013173192739487,"y":-0.7580332159996033,"z":0.0948650985956192,"w":0.640295684337616},"size":1.8863829374313355,"orthographic":true}